-- MySQL dump 10.13  Distrib 5.6.27, for osx10.11 (x86_64)
--
-- Host: localhost    Database: champics
-- ------------------------------------------------------
-- Server version	5.6.27

/*!40101 SET @OLD_CHARACTER_SET_CLIENT=@@CHARACTER_SET_CLIENT */;
/*!40101 SET @OLD_CHARACTER_SET_RESULTS=@@CHARACTER_SET_RESULTS */;
/*!40101 SET @OLD_COLLATION_CONNECTION=@@COLLATION_CONNECTION */;
/*!40101 SET NAMES utf8 */;
/*!40103 SET @OLD_TIME_ZONE=@@TIME_ZONE */;
/*!40103 SET TIME_ZONE='+00:00' */;
/*!40014 SET @OLD_UNIQUE_CHECKS=@@UNIQUE_CHECKS, UNIQUE_CHECKS=0 */;
/*!40014 SET @OLD_FOREIGN_KEY_CHECKS=@@FOREIGN_KEY_CHECKS, FOREIGN_KEY_CHECKS=0 */;
/*!40101 SET @OLD_SQL_MODE=@@SQL_MODE, SQL_MODE='NO_AUTO_VALUE_ON_ZERO' */;
/*!40111 SET @OLD_SQL_NOTES=@@SQL_NOTES, SQL_NOTES=0 */;

--
-- Table structure for table `comment`
--

DROP TABLE IF EXISTS `comment`;
/*!40101 SET @saved_cs_client     = @@character_set_client */;
/*!40101 SET character_set_client = utf8 */;
CREATE TABLE `comment` (
  `id` int(11) unsigned NOT NULL AUTO_INCREMENT,
  `text` varchar(1024) NOT NULL DEFAULT '',
  `author` varchar(255) NOT NULL DEFAULT '',
  `post_id` int(11) NOT NULL,
  `replied_id` int(11) NOT NULL DEFAULT '-1',
  `relative_url` varchar(255) NOT NULL DEFAULT '',
  `score` int(11) NOT NULL DEFAULT '0',
  `created_timestamp` timestamp NOT NULL DEFAULT CURRENT_TIMESTAMP,
  PRIMARY KEY (`id`)
) ENGINE=InnoDB AUTO_INCREMENT=12 DEFAULT CHARSET=latin1;
/*!40101 SET character_set_client = @saved_cs_client */;

--
-- Dumping data for table `comment`
--

LOCK TABLES `comment` WRITE;
/*!40000 ALTER TABLE `comment` DISABLE KEYS */;
INSERT INTO `comment` VALUES (1,'Ok cool','Jared',2,-1,'pics/Funny/2/0.png',0,'2015-12-06 01:27:38'),(2,'ok','Yes',2,1,'pics/Funny/2/1.png',0,'2015-12-06 01:28:10'),(3,'Mayhem','Lock up the doors',2,-1,'pics/Funny/2/2.png',0,'2015-12-06 01:30:27'),(4,'Ok','Goood Job',2,-1,'pics/Funny/2/3.png',0,'2015-12-06 01:46:57'),(5,'ssd','sdds',2,-1,'pics/Funny/2/4.png',0,'2015-12-06 01:48:35'),(6,'Ok','Jared',3,-1,'pics/Funny/3/0.png',0,'2015-12-06 17:16:33'),(7,'Jared','Jared',2,-1,'pics/Funny/2/5.png',0,'2015-12-06 17:16:54'),(8,'Cool','Jared',4,-1,'pics/Funny/4/0.png',0,'2015-12-07 00:12:19'),(9,'Awesome','Another Person',4,1,'pics/Funny/4/1.png',0,'2015-12-07 00:12:46'),(10,'Ok','wd',4,8,'pics/Funny/4/2.png',0,'2015-12-07 00:15:32'),(11,'addsa','dsads',4,-1,'pics/Funny/4/3.png',0,'2015-12-07 00:15:51');
/*!40000 ALTER TABLE `comment` ENABLE KEYS */;
UNLOCK TABLES;

--
-- Table structure for table `post`
--

DROP TABLE IF EXISTS `post`;
/*!40101 SET @saved_cs_client     = @@character_set_client */;
/*!40101 SET character_set_client = utf8 */;
CREATE TABLE `post` (
  `id` int(11) unsigned NOT NULL AUTO_INCREMENT,
  `name` varchar(255) NOT NULL DEFAULT '',
  `topic_id` int(11) NOT NULL,
  `created_timestamp` timestamp NULL DEFAULT CURRENT_TIMESTAMP,
  `email` varchar(255) DEFAULT NULL,
  `relative_url` varchar(255) NOT NULL DEFAULT '',
  `slug` varchar(255) NOT NULL DEFAULT '',
  `score` int(11) DEFAULT '0',
  PRIMARY KEY (`id`)
) ENGINE=InnoDB AUTO_INCREMENT=7 DEFAULT CHARSET=latin1;
/*!40101 SET character_set_client = @saved_cs_client */;

--
-- Dumping data for table `post`
--

LOCK TABLES `post` WRITE;
/*!40000 ALTER TABLE `post` DISABLE KEYS */;
INSERT INTO `post` VALUES (1,'okookokoko',7,'2015-12-06 01:11:06','sssccs','pics/Pictures/0/post.png','okookokoko',0),(2,'create a post',1,'2015-12-06 01:26:57','ok','pics/Funny/0/post.png','create-a-post',0),(3,'Jared',1,'2015-12-06 15:05:16','Wright','pics/Funny/1/post.png','jared',1),(4,'Post from the atlantic',1,'2015-12-06 17:08:55','jawerty','pics/Funny/2/post.png','post-from-the-atlantic',0),(5,'sndnladnladwnljadkjnwnjadkwnkjdawnkjdawnkjadwnkjadwnkjdawnjknadjkwnjkadwjknadwnjkdawjkndawknjdajknwdjknwnjkadknjdawnkjdawjkndawknjdankjnkadjwnjkadwkjnadwjkndankjadkjnkjndjknawnjkadwjknadwjkndajnkdawjnk',2,'2015-12-07 02:18:10','asd','pics/Cats/0/post.png','sndnladnladwnljadkjnwnjadkwnkjdawnkjdawnkjadwnkjadwnkjdawnjknadjkwnjkadwjknadwnjkdawjkndawknjdajknwdjknwnjkadknjdawnkjdawjkndawknjdankjnkadjwnjkadwkjnadwjkndankjadkjnkjndjknawnjkadwjknadwjkndajnkdawjnk',0),(6,'Ok',2,'2015-12-07 02:20:26','Jared','pics/Cats/1/post.png','ok',0);
/*!40000 ALTER TABLE `post` ENABLE KEYS */;
UNLOCK TABLES;

--
-- Table structure for table `topic`
--

DROP TABLE IF EXISTS `topic`;
/*!40101 SET @saved_cs_client     = @@character_set_client */;
/*!40101 SET character_set_client = utf8 */;
CREATE TABLE `topic` (
  `id` int(11) unsigned NOT NULL AUTO_INCREMENT,
  `name` varchar(255) NOT NULL DEFAULT '',
  `created_timestamp` timestamp NULL DEFAULT CURRENT_TIMESTAMP,
  `post_count` int(11) DEFAULT '0',
  PRIMARY KEY (`id`)
) ENGINE=InnoDB AUTO_INCREMENT=11 DEFAULT CHARSET=latin1;
/*!40101 SET character_set_client = @saved_cs_client */;

--
-- Dumping data for table `topic`
--

LOCK TABLES `topic` WRITE;
/*!40000 ALTER TABLE `topic` DISABLE KEYS */;
INSERT INTO `topic` VALUES (1,'Funny','2015-12-06 01:10:33',0),(2,'Cats','2015-12-06 01:10:33',0),(3,'Dogs','2015-12-06 01:10:33',0),(5,'Money','2015-12-06 01:10:33',0),(6,'Democrats','2015-12-06 01:10:33',0),(7,'Pictures','2015-12-06 01:10:33',0),(8,'Animals','2015-12-06 01:10:33',0),(9,'Games','2015-12-06 01:10:33',0),(10,'Republicans','2015-12-06 01:10:33',0);
/*!40000 ALTER TABLE `topic` ENABLE KEYS */;
UNLOCK TABLES;
/*!40103 SET TIME_ZONE=@OLD_TIME_ZONE */;

/*!40101 SET SQL_MODE=@OLD_SQL_MODE */;
/*!40014 SET FOREIGN_KEY_CHECKS=@OLD_FOREIGN_KEY_CHECKS */;
/*!40014 SET UNIQUE_CHECKS=@OLD_UNIQUE_CHECKS */;
/*!40101 SET CHARACTER_SET_CLIENT=@OLD_CHARACTER_SET_CLIENT */;
/*!40101 SET CHARACTER_SET_RESULTS=@OLD_CHARACTER_SET_RESULTS */;
/*!40101 SET COLLATION_CONNECTION=@OLD_COLLATION_CONNECTION */;
/*!40111 SET SQL_NOTES=@OLD_SQL_NOTES */;

-- Dump completed on 2015-12-07 19:52:37
